id,tipo_documento,documento,nombre_completo
1,CE,96435613,Jonatan Figueras
2,TI,16284960,Rosaura Abellán-Blázquez
3,TI,25398526,Nacio Roldán Calvet
4,CE,56544792,Sebastián Gilabert Barón
5,TI,65499261,Gilberto Castrillo Zabaleta
6,TI,82720127,Elías Lorenzo-Dávila
7,CE,76530521,Ramiro Girón López
8,CC,44899936,Magdalena del Egea
9,TI,91690671,Chuy Pineda Bastida
10,CC,99305459,Amada Franch Gálvez
11,CC,31251505,Domitila Niño Rosa
12,CC,12051902,Ariel Losa-Pagès
13,CC,75680104,Buenaventura Izquierdo Vila
14,CE,87683675,Eliseo Lumbreras Carranza
15,CE,28129863,Noa Tolosa Iriarte
16,CE,54293093,Marcelo Montalbán-Vera
17,CE,61553245,Calixto Méndez
18,CC,77214595,Joan Casado-Teruel
19,CC,96548124,Miguel Narciso Ledesma Cifuentes
20,CC,10839201,Merche Cerezo
21,CC,44544448,Aroa Gilabert Ferrera
22,TI,67245732,Balduino Saez Marí
23,TI,90692828,Débora Domingo Puente
24,CE,82072327,Baudelio Bernat Chacón
25,CC,72754162,Bárbara Balaguer-Morales
26,CC,61782578,Ileana Iborra Alarcón
27,CE,79843743,Adoración Lluch Acevedo
28,CC,74680282,Manuelita Sainz Campoy
29,TI,73126911,Gracia Donaire Ocaña
30,CE,95577903,Dani Hoyos Sola
31,TI,65945248,Arturo Silva Saldaña
32,TI,64252770,Fermín Zurita Ochoa
33,CE,87567180,Anastasio Guitart Sales
34,TI,81277872,Pablo Cordero Lumbreras
35,CC,67247988,Maxi Arjona Viñas
36,TI,26274901,Noemí Corbacho Lucena
37,CE,77829976,Azucena Abellán Segovia
38,CC,49950048,Nazario Recio Reina
39,TI,32461424,Anna Guerra Mora
40,TI,77092223,Claudio Gual Zorrilla
41,CC,89156847,Asdrubal Sala Fabregat
42,CC,34417267,Modesta del Sabater
43,CE,38287151,Urbano Hidalgo
44,TI,99919157,Caridad Somoza-Vall
45,CE,89452143,Julie del Solana
46,CE,10907364,Marita Belen Machado Esteve
47,TI,62288726,Nuria Benet
48,CE,43981782,Inés Arana Reyes
49,CE,98415494,Manolo Benitez Boix
50,CE,63473804,Emiliano Casas Folch
51,CC,52699633,Graciela Posada Flores
52,CE,30704123,Isaías Gil Aguirre
53,CC,87535744,Cruz Miriam Lamas Casal
54,TI,20113028,Corona Robledo Canales
55,CE,72886730,Moisés Tomé Miguel
56,TI,48222124,Eladio Tamayo León
57,CC,17852723,Angelina Folch Luque
58,CE,40811660,Arturo Eloy Chico Marcos
59,TI,23426549,Georgina Miriam Costa Garriga
60,CE,34821249,Sandalio Zorrilla Criado
61,CC,23409553,Joel de Miranda
62,TI,99924589,Buenaventura Espinosa Bello
63,CC,38480981,Alexandra Ibarra Alcázar
64,CE,47613058,Martirio Nebot Bernat
65,CE,51407135,Rosario del Contreras
66,TI,21480570,Vera del Morales
67,CC,56193738,Feliciana Amaya Egea
68,TI,54745889,Rocío Moreno
69,CC,12007624,Ale Falcó Valencia
70,CE,82892477,Manuela Martinez Mayol
71,TI,81197117,Nicodemo Gordillo
72,CC,50293598,María Jesús Bermejo Cadenas
73,CC,12421438,Rufino Alvarado Benet
74,TI,33078730,José Luis Sabater Ledesma
75,CE,25738068,Pilar Malena Meléndez Torrijos
76,CE,73123083,Natalio Duran Baena
77,CE,74827115,Maricruz Tomé Costa
78,CC,50432704,Agustina Nebot
79,CE,44556539,Baltasar Manrique Elorza
80,TI,89295202,Nacio Múgica-Segarra
81,CE,48982164,Teresa Molins Marti
82,CE,87387250,Socorro Hernandez Pereira
83,CE,39148867,José María Trinidad Barrena Guerra
84,CE,41620385,Rico Pomares-Botella
85,CE,94990435,Sebastián Aller Carvajal
86,TI,99752017,Elba Vigil Coloma
87,CE,79901937,Selena Mendez-Juárez
88,CE,50739059,Blanca Dueñas
89,CC,68875848,José Mari del Arregui
90,TI,10190714,Alexandra Iborra Huguet
91,CE,30125949,Bartolomé Seguí Teruel
92,TI,26162641,Julia del Ferrán
93,CE,85038308,Benigna Avilés Montenegro
94,CE,97794483,Ema Múñiz Carballo
95,CE,61432207,Chelo Borja Aparicio
96,TI,32687834,Juan Pablo Villena
97,CE,65780780,Juana Pou Carballo
98,CE,24486267,Albina Porcel
99,TI,27252602,Calista del Serrano
100,TI,94083864,Héctor Perelló Marcos
